auroc,pr_auc,mcc,brier,ece,threshold,model,cohort,prevalence,n_samples
0.5944728912120316,0.23668229915224082,0.11341660673466601,0.27674206199301016,0.33592214776868046,0.4499999999999999,RF_engineered_balanced,study,0.1892814025510472,19051
0.5857300884955752,0.2207448126533655,0.07480726669686603,0.20090689367218836,0.2056655297545144,0.4499999999999999,RF_engineered_balanced,validation,0.17518248175182483,137
